<?xml version="1.0" encoding="UTF-8"?>
<preferences>
 <debug showDebugMenu="0" />
 <systemtable filter="All Interfaces">
  <columns>
   <connections preferredWidth="159" />
   <irq preferredWidth="34" />
  </columns>
 </systemtable>
 <library
   expandedCategories="Library/Basic Functions/Simulation; Debug and Verification/Debug and Performance,Library/Basic Functions/Simulation; Debug and Verification,Library,Library/Basic Functions/Bridges and Adaptors/Memory Mapped,Library/Interface Protocols,Library/Basic Functions/Bridges and Adaptors,Library/Interface Protocols/Serial,Project,Library/Basic Functions" />
 <window width="1936" height="1176" x="921" y="-1208" />
</preferences>
